Workbook
Name Actual1: OFFSET(Sheet1!$B$2,0,0,COUNTA(Sheet1!$B:$B),-1)
Name Actual10: OFFSET(Sheet10!$B$2,0,0,COUNTA(Sheet10!$B:$B),-1)
Name Actual11: OFFSET(Sheet11!$B$2,0,0,COUNTA(Sheet11!$B:$B),-1)
Name Actual12: OFFSET(Sheet12!$B$2,0,0,COUNTA(Sheet12!$B:$B),-1)
Name Actual13: OFFSET(Sheet13!$B$2,0,0,COUNTA(Sheet13!$B:$B),-1)
Name Actual14: OFFSET(Sheet14!$B$2,0,0,COUNTA(Sheet14!$B:$B),-1)
Name Actual15: OFFSET(Sheet15!$B$2,0,0,COUNTA(Sheet15!$B:$B),-1)
Name Actual16: OFFSET(Sheet16!$B$2,0,0,COUNTA(Sheet16!$B:$B),-1)
Name Actual17: OFFSET(Sheet17!$B$2,0,0,COUNTA(Sheet17!$B:$B),-1)
Name Actual18: OFFSET(Sheet18!$B$2,0,0,COUNTA(Sheet18!$B:$B),-1)
Name Actual19: OFFSET(Sheet19!$B$2,0,0,COUNTA(Sheet19!$B:$B),-1)
Name Actual2: OFFSET(Sheet2!$B$2,0,0,COUNTA(Sheet2!$B:$B),-1)
Name Actual20: OFFSET(Sheet20!$B$2,0,0,COUNTA(Sheet20!$B:$B),-1)
Name Actual21: OFFSET(Sheet21!$B$2,0,0,COUNTA(Sheet21!$B:$B),-1)
Name Actual22: OFFSET(Sheet22!$B$2,0,0,COUNTA(Sheet22!$B:$B),-1)
Name Actual23: OFFSET(Sheet23!$B$2,0,0,COUNTA(Sheet23!$B:$B),-1)
Name Actual24: OFFSET(Sheet24!$B$2,0,0,COUNTA(Sheet24!$B:$B),-1)
Name Actual25: OFFSET(Sheet25!$B$2,0,0,COUNTA(Sheet25!$B:$B),-1)
Name Actual26: OFFSET(Sheet26!$B$2,0,0,COUNTA(Sheet26!$B:$B),-1)
Name Actual27: OFFSET(Sheet27!$B$2,0,0,COUNTA(Sheet27!$B:$B),-1)
Name Actual28: OFFSET(Sheet28!$B$2,0,0,COUNTA(Sheet28!$B:$B),-1)
Name Actual29: OFFSET(Sheet29!$B$2,0,0,COUNTA(Sheet29!$B:$B),-1)
Name Actual3: OFFSET(Sheet3!$B$2,0,0,COUNTA(Sheet3!$B:$B),-1)
Name Actual30: OFFSET(Sheet30!$B$2,0,0,COUNTA(Sheet30!$B:$B),-1)
Name Actual31: OFFSET(Sheet31!$B$2,0,0,COUNTA(Sheet31!$B:$B),-1)
Name Actual32: OFFSET(Sheet32!$B$2,0,0,COUNTA(Sheet32!$B:$B),-1)
Name Actual33: OFFSET(Sheet33!$B$2,0,0,COUNTA(Sheet33!$B:$B),-1)
Name Actual34: OFFSET(Sheet34!$B$2,0,0,COUNTA(Sheet34!$B:$B),-1)
Name Actual35: OFFSET(Sheet35!$B$2,0,0,COUNTA(Sheet35!$B:$B),-1)
Name Actual36: OFFSET(Sheet36!$B$2,0,0,COUNTA(Sheet36!$B:$B),-1)
Name Actual37: OFFSET(Sheet37!$B$2,0,0,COUNTA(Sheet37!$B:$B),-1)
Name Actual38: OFFSET(Sheet38!$B$2,0,0,COUNTA(Sheet38!$B:$B),-1)
Name Actual39: OFFSET(Sheet39!$B$2,0,0,COUNTA(Sheet39!$B:$B),-1)
Name Actual4: OFFSET(Sheet4!$B$2,0,0,COUNTA(Sheet4!$B:$B),-1)
Name Actual40: OFFSET(Sheet40!$B$2,0,0,COUNTA(Sheet40!$B:$B),-1)
Name Actual41: OFFSET(Sheet41!$B$2,0,0,COUNTA(Sheet41!$B:$B),-1)
Name Actual42: OFFSET(Sheet42!$B$2,0,0,COUNTA(Sheet42!$B:$B),-1)
Name Actual43: OFFSET(Sheet43!$B$2,0,0,COUNTA(Sheet43!$B:$B),-1)
Name Actual44: OFFSET(Sheet44!$B$2,0,0,COUNTA(Sheet44!$B:$B),-1)
Name Actual45: OFFSET(Sheet45!$B$2,0,0,COUNTA(Sheet45!$B:$B),-1)
Name Actual46: OFFSET(Sheet46!$B$2,0,0,COUNTA(Sheet46!$B:$B),-1)
Name Actual47: OFFSET(Sheet47!$B$2,0,0,COUNTA(Sheet47!$B:$B),-1)
Name Actual48: OFFSET(Sheet48!$B$2,0,0,COUNTA(Sheet48!$B:$B),-1)
Name Actual49: OFFSET(Sheet49!$B$2,0,0,COUNTA(Sheet49!$B:$B),-1)
Name Actual5: OFFSET(Sheet5!$B$2,0,0,COUNTA(Sheet5!$B:$B),-1)
Name Actual50: OFFSET(Sheet50!$B$2,0,0,COUNTA(Sheet50!$B:$B),-1)
Name Actual6: OFFSET(Sheet6!$B$2,0,0,COUNTA(Sheet6!$B:$B),-1)
Name Actual7: OFFSET(Sheet7!$B$2,0,0,COUNTA(Sheet7!$B:$B),-1)
Name Actual8: OFFSET(Sheet8!$B$2,0,0,COUNTA(Sheet8!$B:$B),-1)
Name Actual9: OFFSET(Sheet9!$B$2,0,0,COUNTA(Sheet9!$B:$B),-1)
Name ActualM1: OFFSET(Sheet1!$D$2,0,0,COUNTA(Sheet1!$D:$D),-1)
Name ActualM10: OFFSET(Sheet10!$D$2,0,0,COUNTA(Sheet10!$D:$D),-1)
Name ActualM11: OFFSET(Sheet11!$D$2,0,0,COUNTA(Sheet11!$D:$D),-1)
Name ActualM12: OFFSET(Sheet12!$D$2,0,0,COUNTA(Sheet12!$D:$D),-1)
Name ActualM13: OFFSET(Sheet13!$D$2,0,0,COUNTA(Sheet13!$D:$D),-1)
Name ActualM14: OFFSET(Sheet14!$D$2,0,0,COUNTA(Sheet14!$D:$D),-1)
Name ActualM15: OFFSET(Sheet15!$D$2,0,0,COUNTA(Sheet15!$D:$D),-1)
Name ActualM16: OFFSET(Sheet16!$D$2,0,0,COUNTA(Sheet16!$D:$D),-1)
Name ActualM17: OFFSET(Sheet17!$D$2,0,0,COUNTA(Sheet17!$D:$D),-1)
Name ActualM18: OFFSET(Sheet18!$D$2,0,0,COUNTA(Sheet18!$D:$D),-1)

Sheet Graphs
A62: =Information!C4-20

Sheet Table
B1: Diameter (mm) | F1: Depths (m) | H1: Charge Mass (Kg) | M1: % variations of kg for diameters | P1: Stemming | Q1: =Information!C5
A2: BH No. | B2: Minimum | C2: Average | D2: Maximum | E2: Planned | F2: From | G2: to | H2: Minimum | I2: Average | J2: Maximum | K2: Planned | L2: Deviation: Ave vs. Plan | M2: Minimum | N2: Average | O2: Maximum
A3: 104 | B3: =MIN(Sheet1!B2:B5000) | C3: =AVERAGE(Sheet1!B2:B5000) | D3: =MAX(Sheet1!B2:B5000) | E3: =Sheet1!G2 | F3: =MIN(Sheet1!A2:A5000) | G3: =MAX(Sheet1!A2:A5000) | H3: =((G3-$Q$1)*($Q$3*B3^2))/1273 | I3: =((G3-$Q$1)*($Q$3*C3^2))/1273 | J3: =((G3-$Q$1)*($Q$3*D3^2))/1273 | K3: =((G3-$Q$1)*($Q$3*E3^2))/1273 | L3: =I3-K3 | M3: =((H3/$K3)*100)-100 | N3: =((I3/$K3)*100)-100 | O3: =((J3/$K3)*100)-100 | P3: Inhole density | Q3: =Information!C6
A4: 102 | B4: =MIN(Sheet2!B2:B5000) | C4: =AVERAGE(Sheet2!B2:B5000) | D4: =MAX(Sheet2!B2:B5000) | E4: =Sheet2!G2 | F4: =MIN(Sheet2!A2:A5000) | G4: =MAX(Sheet2!A2:A5000) | H4: =((G4-$Q$1)*($Q$3*B4^2))/1273 | I4: =((G4-$Q$1)*($Q$3*C4^2))/1273 | J4: =((G4-$Q$1)*($Q$3*D4^2))/1273 | K4: =((G4-$Q$1)*($Q$3*E4^2))/1273 | L4: =I4-K4 | M4: =((H4/$K4)*100)-100 | N4: =((I4/$K4)*100)-100 | O4: =((J4/$K4)*100)-100
A5: 103 | B5: =MIN(Sheet3!B2:B5000) | C5: =AVERAGE(Sheet3!B2:B5000) | D5: =MAX(Sheet3!B2:B5000) | E5: =Sheet3!G2 | F5: =MIN(Sheet3!A2:A5000) | G5: =MAX(Sheet3!A2:A5000) | H5: =((G5-$Q$1)*($Q$3*B5^2))/1273 | I5: =((G5-$Q$1)*($Q$3*C5^2))/1273 | J5: =((G5-$Q$1)*($Q$3*D5^2))/1273 | K5: =((G5-$Q$1)*($Q$3*E5^2))/1273 | L5: =I5-K5 | M5: =((H5/$K5)*100)-100 | N5: =((I5/$K5)*100)-100 | O5: =((J5/$K5)*100)-100
A6: Minimum | B6: =MIN(B3:B5) | C6: =MIN(C3:C5) | D6: =MIN(D3:D5) | E6: =MIN(E3:E5) | G6: =MIN(G3:G5) | H6: =MIN(H3:H5) | K6: =MIN(K3:K5) | L6: =MIN(L3:L5) | M6: =MIN(M3:M5) | N6: =MIN(N3:N5) | O6: =MIN(O3:O5)
A7: Average | B7: =AVERAGE(B3:B6) | C7: =AVERAGE(C3:C6) | D7: =AVERAGE(D3:D6) | E7: =AVERAGE(E3:E6) | G7: =AVERAGE(G3:G6) | I7: =AVERAGE(I3:I6) | K7: =AVERAGE(K3:K6) | L7: =AVERAGE(L3:L6) | M7: =AVERAGE(M3:M6) | N7: =AVERAGE(N3:N6) | O7: =AVERAGE(O3:O6)
A8: Maximum | B8: =MAX(B3:B7) | C8: =MAX(C3:C7) | D8: =MAX(D3:D7) | E8: =MAX(E3:E7) | G8: =MAX(G3:G7) | J8: =MAX(J3:J7) | K8: =MAX(K3:K7) | L8: =MAX(L3:L7) | M8: =MAX(M3:M7) | N8: =MAX(N3:N7) | O8: =MAX(O3:O7)

Sheet Information
A1: Client: | C1: BME
A2: Mine: | C2: Delmas
A3: Block: | C3: B-01
A4: Hole Diameter: | C4: 165
A5: Final Stemming: | C5: 2
A6: Average In-hole Density: | C6: 1.2
A7: Rig Operator:
A8: Date of Calipering:

Sheet Sheet1
A1: Depth | B1: x | C1: Actual+ | D1: Actual- | E1: Planned+ | F1: Planned- | G1: Planned diameter | H1: Actual deviation X | J1: Hole Number | L1: 104 | M1: =Information!C2 | N1: =Information!C3
A2: 2 | B2: 288.3547 | C2: =B2/2 | D2: =(B2-(B2*2))/2 | E2: =G2/2 | F2: =(G2-(G2*2))/2 | G2: =Information!C$4 | H2: =B2-G2
A3: 2.01 | B3: 288.4166 | C3: =B3/2 | D3: =(B3-(B3*2))/2 | E3: =G3/2 | F3: =(G3-(G3*2))/2 | G3: =Information!C$4 | H3: =B3-G3
A4: 2.02 | B4: 288.46755 | C4: =B4/2 | D4: =(B4-(B4*2))/2 | E4: =G4/2 | F4: =(G4-(G4*2))/2 | G4: =Information!C$4 | H4: =B4-G4
A5: 2.03 | B5: 288.5185 | C5: =B5/2 | D5: =(B5-(B5*2))/2 | E5: =G5/2 | F5: =(G5-(G5*2))/2 | G5: =Information!C$4 | H5: =B5-G5
A6: 2.04 | B6: 288.5185 | C6: =B6/2 | D6: =(B6-(B6*2))/2 | E6: =G6/2 | F6: =(G6-(G6*2))/2 | G6: =Information!C$4 | H6: =B6-G6
A7: 2.05 | B7: 288.5185 | C7: =B7/2 | D7: =(B7-(B7*2))/2 | E7: =G7/2 | F7: =(G7-(G7*2))/2 | G7: =Information!C$4 | H7: =B7-G7
A8: 2.06 | B8: 288.57067 | C8: =B8/2 | D8: =(B8-(B8*2))/2 | E8: =G8/2 | F8: =(G8-(G8*2))/2 | G8: =Information!C$4 | H8: =B8-G8
A9: 2.07 | B9: 288.62285 | C9: =B9/2 | D9: =(B9-(B9*2))/2 | E9: =G9/2 | F9: =(G9-(G9*2))/2 | G9: =Information!C$4 | H9: =B9-G9
A10: 2.08 | B10: 288.73871 | C10: =B10/2 | D10: =(B10-(B10*2))/2 | E10: =G10/2 | F10: =(G10-(G10*2))/2 | G10: =Information!C$4 | H10: =B10-G10
A11: 2.09 | B11: 288.85457 | C11: =B11/2 | D11: =(B11-(B11*2))/2 | E11: =G11/2 | F11: =(G11-(G11*2))/2 | G11: =Information!C$4 | H11: =B11-G11
A12: 2.1 | B12: 288.89729 | C12: =B12/2 | D12: =(B12-(B12*2))/2 | E12: =G12/2 | F12: =(G12-(G12*2))/2 | G12: =Information!C$4 | H12: =B12-G12
A13: 2.11 | B13: 288.94002 | C13: =B13/2 | D13: =(B13-(B13*2))/2 | E13: =G13/2 | F13: =(G13-(G13*2))/2 | G13: =Information!C$4 | H13: =B13-G13
... A1302: 15 | B1302: 286.55559 | C1302: =B1302/2 | D1302: =(B1302-(B1302*2))/2 | E1302: =G1302/2 | F1302: =(G1302-(G1302*2))/2 | G1302: =Information!C$4 | H1302: =B1302-G1302

Sheet Sheet2
A1: Depth | B1: x | C1: Actual+ | D1: Actual- | E1: Planned+ | F1: Planned- | G1: Planned diameter | H1: Actual deviation X | J1: Hole Number | L1: 102 | M1: =Information!C2 | N1: =Information!C3
A2: 2 | B2: 288.3547 | C2: =B2/2 | D2: =(B2-(B2*2))/2 | E2: =G2/2 | F2: =(G2-(G2*2))/2 | G2: =Information!C$4 | H2: =B2-G2
A3: 2.01 | B3: 288.4166 | C3: =B3/2 | D3: =(B3-(B3*2))/2 | E3: =G3/2 | F3: =(G3-(G3*2))/2 | G3: =Information!C$4 | H3: =B3-G3
A4: 2.02 | B4: 288.46755 | C4: =B4/2 | D4: =(B4-(B4*2))/2 | E4: =G4/2 | F4: =(G4-(G4*2))/2 | G4: =Information!C$4 | H4: =B4-G4
A5: 2.03 | B5: 288.5185 | C5: =B5/2 | D5: =(B5-(B5*2))/2 | E5: =G5/2 | F5: =(G5-(G5*2))/2 | G5: =Information!C$4 | H5: =B5-G5
A6: 2.04 | B6: 288.5185 | C6: =B6/2 | D6: =(B6-(B6*2))/2 | E6: =G6/2 | F6: =(G6-(G6*2))/2 | G6: =Information!C$4 | H6: =B6-G6
A7: 2.05 | B7: 288.5185 | C7: =B7/2 | D7: =(B7-(B7*2))/2 | E7: =G7/2 | F7: =(G7-(G7*2))/2 | G7: =Information!C$4 | H7: =B7-G7
A8: 2.06 | B8: 288.57067 | C8: =B8/2 | D8: =(B8-(B8*2))/2 | E8: =G8/2 | F8: =(G8-(G8*2))/2 | G8: =Information!C$4 | H8: =B8-G8
A9: 2.07 | B9: 288.62285 | C9: =B9/2 | D9: =(B9-(B9*2))/2 | E9: =G9/2 | F9: =(G9-(G9*2))/2 | G9: =Information!C$4 | H9: =B9-G9
A10: 2.08 | B10: 288.73871 | C10: =B10/2 | D10: =(B10-(B10*2))/2 | E10: =G10/2 | F10: =(G10-(G10*2))/2 | G10: =Information!C$4 | H10: =B10-G10
A11: 2.09 | B11: 288.85457 | C11: =B11/2 | D11: =(B11-(B11*2))/2 | E11: =G11/2 | F11: =(G11-(G11*2))/2 | G11: =Information!C$4 | H11: =B11-G11
A12: 2.1 | B12: 288.89729 | C12: =B12/2 | D12: =(B12-(B12*2))/2 | E12: =G12/2 | F12: =(G12-(G12*2))/2 | G12: =Information!C$4 | H12: =B12-G12
A13: 2.11 | B13: 288.94002 | C13: =B13/2 | D13: =(B13-(B13*2))/2 | E13: =G13/2 | F13: =(G13-(G13*2))/2 | G13: =Information!C$4 | H13: =B13-G13
... A1302: 15 | B1302: 286.55559 | C1302: =B1302/2 | D1302: =(B1302-(B1302*2))/2 | E1302: =G1302/2 | F1302: =(G1302-(G1302*2))/2 | G1302: =Information!C$4 | H1302: =B1302-G1302

Sheet Sheet3
A1: Depth | B1: x | C1: Actual+ | D1: Actual- | E1: Planned+ | F1: Planned- | G1: Planned diameter | H1: Actual deviation X | J1: Hole Number | L1: 103 | M1: =Information!C2 | N1: =Information!C3
A2: 2 | B2: 288.3547 | C2: =B2/2 | D2: =(B2-(B2*2))/2 | E2: =G2/2 | F2: =(G2-(G2*2))/2 | G2: =Information!C$4 | H2: =B2-G2
A3: 2.01 | B3: 288.4166 | C3: =B3/2 | D3: =(B3-(B3*2))/2 | E3: =G3/2 | F3: =(G3-(G3*2))/2 | G3: =Information!C$4 | H3: =B3-G3
A4: 2.02 | B4: 288.46755 | C4: =B4/2 | D4: =(B4-(B4*2))/2 | E4: =G4/2 | F4: =(G4-(G4*2))/2 | G4: =Information!C$4 | H4: =B4-G4
A5: 2.03 | B5: 288.5185 | C5: =B5/2 | D5: =(B5-(B5*2))/2 | E5: =G5/2 | F5: =(G5-(G5*2))/2 | G5: =Information!C$4 | H5: =B5-G5
A6: 2.04 | B6: 288.5185 | C6: =B6/2 | D6: =(B6-(B6*2))/2 | E6: =G6/2 | F6: =(G6-(G6*2))/2 | G6: =Information!C$4 | H6: =B6-G6
A7: 2.05 | B7: 288.5185 | C7: =B7/2 | D7: =(B7-(B7*2))/2 | E7: =G7/2 | F7: =(G7-(G7*2))/2 | G7: =Information!C$4 | H7: =B7-G7
A8: 2.06 | B8: 288.57067 | C8: =B8/2 | D8: =(B8-(B8*2))/2 | E8: =G8/2 | F8: =(G8-(G8*2))/2 | G8: =Information!C$4 | H8: =B8-G8
A9: 2.07 | B9: 288.62285 | C9: =B9/2 | D9: =(B9-(B9*2))/2 | E9: =G9/2 | F9: =(G9-(G9*2))/2 | G9: =Information!C$4 | H9: =B9-G9
A10: 2.08 | B10: 288.73871 | C10: =B10/2 | D10: =(B10-(B10*2))/2 | E10: =G10/2 | F10: =(G10-(G10*2))/2 | G10: =Information!C$4 | H10: =B10-G10
A11: 2.09 | B11: 288.85457 | C11: =B11/2 | D11: =(B11-(B11*2))/2 | E11: =G11/2 | F11: =(G11-(G11*2))/2 | G11: =Information!C$4 | H11: =B11-G11
A12: 2.1 | B12: 288.89729 | C12: =B12/2 | D12: =(B12-(B12*2))/2 | E12: =G12/2 | F12: =(G12-(G12*2))/2 | G12: =Information!C$4 | H12: =B12-G12
A13: 2.11 | B13: 288.94002 | C13: =B13/2 | D13: =(B13-(B13*2))/2 | E13: =G13/2 | F13: =(G13-(G13*2))/2 | G13: =Information!C$4 | H13: =B13-G13
... A1302: 15 | B1302: 286.55559 | C1302: =B1302/2 | D1302: =(B1302-(B1302*2))/2 | E1302: =G1302/2 | F1302: =(G1302-(G1302*2))/2 | G1302: =Information!C$4 | H1302: =B1302-G1302
